period,tfp_mock,k_effective,y_effective,c_effective,k_per_worker,y_per_worker
0.0,0.997441197115524,0.9,0.9658285256870233,0.7533462500358782,0.8976970774039716,0.9633571608695861
1.0,1.0123590874621038,1.0424053209154391,1.0137995274406897,0.790763631403738,1.0552884994475955,1.0263291644693686
2.0,1.012036139218342,1.1842761164078905,1.057400424399692,0.8247723310317597,1.1985302286179331,1.0701274431173005
3.0,1.0180328046564342,1.3246925833268302,1.0972307862152852,0.8558400132479225,1.3485805059117901,1.1170169346461312
4.0,1.0183016510944423,1.46293844273806,1.1337690499224524,0.884339858939513,1.4897126316896987,1.1545188954958103
5.0,1.0318528173433354,1.5984584436844673,1.1674047216859413,0.9105756829150343,1.6493738485220608,1.204589851051551
6.0,1.0513115413824787,1.7308262602276152,1.1984602855109738,0.9347990226985596,1.8196376235051654,1.2599551300462275
7.0,1.0492878359024824,1.8597197080474275,1.2272065733348665,0.9572211272011959,1.9513812678422815,1.2876929295398432
8.0,1.060189483784283,1.9849012721789427,1.253873836212483,0.9780215922457368,2.1043714551141597,1.329343855144731
9.0,1.0556810257321319,2.1062025865842124,1.2786599037930741,0.9973547249585979,2.223478107004891,1.3498569987988216
10.0,1.0602436358777436,2.2235119172805904,1.3017363197900331,1.015354329436226,2.357464359595066,1.3801576486482978
11.0,1.0602997989517244,2.336763969877093,1.323253038007734,1.0321373696460325,2.477670367458315,1.403044930161859
12.0,1.0421972994724533,2.445931523855344,1.3433420737293358,1.047806817508882,2.549143228856582,1.400027481508439
13.0,1.0697182858224514,2.5510185215381895,1.3621203831728976,1.0624538988748602,2.7288711599611566,1.4570850813715328
14.0,1.0661262283137443,2.65205432865425,1.3796921632139518,1.0761598873068825,2.827424678691295,1.4709260022013213
15.0,1.0655244467995826,2.749088947732723,1.396150709305514,1.088997553258301,2.929221480235756,1.4876327121816026
16.0,1.041249646947603,2.842189012941385,1.411579932215168,1.1010323471278312,2.959428306283573,1.469807106057365
17.0,1.039183252607501,2.9314344304618176,1.4260556080802198,1.1123233743025716,3.046297566252929,1.4819331052039706
18.0,1.0463331792330093,3.016915555468174,1.439646417696798,1.1229242058035025,3.156698844630535,1.5063498132001034
19.0,1.0486348431422186,3.0987308175592583,1.452414817534971,1.1328835576772773,3.2494371048112116,1.5230527843632182
20.0,1.0544821618031976,3.176984722705577,1.4644177751421217,1.1422458646108549,3.3500737184143095,1.5442024213148935
21.0,1.0484749674636953,3.251786172560102,1.4757073943072303,1.1510517675596397,3.409416401473847,1.5472422622322077
22.0,1.05219922814122,3.3232470521691493,1.4863314498894078,1.159338530913738,3.4967179832149635,1.5639168043356553
23.0,1.0380496607810428,3.3914810453110125,1.4963338480658634,1.1671404014913735,3.520525748630433,1.553268843399962
24.0,1.046332712090447,3.456602643330764,1.5057550245765428,1.1744889191697034,3.6167564184152865,1.5755207386089918
25.0,1.0460198686177702,3.5187263187642572,1.5146322910851246,1.1814131870463973,3.6806576416556784,1.5843354701250942
26.0,1.0343743817599445,3.5779658395058958,1.5230001378589166,1.187940107529955,3.7009562031971117,1.575352326018127
27.0,1.0591169881853622,3.6344337029671276,1.5308904994623225,1.1940945895806117,3.8492904772459173,1.6213921350321197
28.0,1.0477070601796568,3.6882406727457813,1.53833298896345,1.199899731391491,3.864195792477522,1.6117223334442807
29.0,1.0558229084910777,3.7394954028973006,1.5453551051993601,1.205376982055501,3.9482449125760426,1.631621321823124
30.0,1.039061750295199,3.7883041370598107,1.5519824168786054,1.2105462851653122,3.9362819273039107,1.6126055665092571
31.0,1.0408095817348755,3.8347704715088504,1.55823872667939,1.2154262068099242,3.991265850500378,1.621829797358261
32.0,1.0487583757560983,3.878995172763041,1.5641462179968302,1.2200340500375275,4.068128676952713,1.6404114470313997
33.0,1.0558448750941447,3.9210760416759687,1.5697255865795612,1.2243859575320577,4.140048043458006,1.6573867158941797
34.0,1.069007878892949,3.9611078170703746,1.5749961589558608,1.2284970039855714,4.2344554655926805,1.6836833031499465
35.0,1.0709431993617586,3.999182112929451,1.5799759992681182,1.2323812794291322,4.282896886850984,1.69206455157099
36.0,1.0700715697447813,4.035387383982212,1.584682005900607,1.2360519646024735,4.318153312506133,1.6957231616003714
37.0,1.0716199595757885,4.069808915226612,1.589129999090188,1.2395213992903467,4.361288465216325,1.7029434253856999
38.0,1.0837928105044037,4.102528831542778,1.5933348005456895,1.242801144425638,4.446291252513094,1.7268448015578863
39.0,1.110634197259418,4.133626124073994,1.5973103059636615,1.245902038651656,4.59094653208148,1.7740274494381467
40.0,1.0962417291163586,4.163176690507038,1.6010695512113977,1.2488342499448903,4.5638480138183555,1.755159253255535
41.0,1.1158613891895992,4.191253386776426,1.604624772848949,1.2516073228221805,4.676857826613955,1.7905388281592733
42.0,1.125788773530105,4.217926088057633,1.6079874635773035,1.2542302215902967,4.748493837515036,1.810254234472477
43.0,1.1118422093359994,4.243261757209786,1.6111684231275973,1.256711370039526,4.717837526927084,1.7913650591825863
44.0,1.136512674373159,4.26732451908481,1.6141778050441418,1.2590586879344305,4.849868401603232,1.8345335341245133
45.0,1.1577392646625952,4.290175739342883,1.617025159760596,1.261279624613265,4.966904905740136,1.872093519402148
46.0,1.1259547853311063,4.31187410660782,1.6197194743224328,1.2633811899714977,4.854975284080363,1.823730893007327
47.0,1.151031002444087,4.332475716964512,1.6222692090688273,1.2653699830736853,4.9868138675623275,1.8672821539486686
48.0,1.1584353882983822,4.352034159947135,1.6246823315523176,1.2672522186108077,5.041550381966183,1.88208950761333
49.0,1.154299843536295,4.370600605294355,1.6269663479442744,1.2690337513965342,5.04498359485091,1.8780070008708933
50.0,1.172948158892973,4.388223889858693,1.6291283321477326,1.2707200990752314,5.147159132419915,1.9108830777930628
51.0,1.1689163849482689,4.4049506041536715,1.6311749528159185,1.2723164631964166,5.149018936083003,1.9067071290637465
52.0,1.1541652556800777,4.420825178106177,1.6331124984544239,1.2738277487944507,5.102362822005841,1.8848817043329806
53.0,1.1819002985651264,4.435889965654354,1.6349469007670223,1.2752585825982774,5.242779674808929,1.9323442301546716
54.0,1.180162000165141,4.450185327894507,1.6366837563892698,1.2766133299836304,5.251939617673545,1.931551975578157
55.0,1.182824595159829,4.463749714535295,1.6383283471400154,1.2778961107692122,5.279832948990013,1.9378550639447607
56.0,1.18742023511325,4.476619743464976,1.6398856589085062,1.279110813948635,5.315628868297798,1.9472334146599852
57.0,1.1730928139085197,4.488830278278444,1.6413603992837278,1.2802611114413076,5.265814542303423,1.9254680894337597
58.0,1.1681482855462335,4.500414503646215,1.6427570140227783,1.2813504709377672,5.257151486681729,1.9189837894997583
59.0,1.1492450460976675,4.51140399843797,1.6440797024462903,1.2823821679081064,5.184708696150047,1.8894504534261265
60.0,1.1689846727181528,4.521828806539465,1.6453324318410691,1.283359296836034,5.285948567500052,1.9233683943482947
61.0,1.1521843100919846,4.53171750532397,1.64651895094308,1.2842847817356025,5.2213738074034675,1.897093301545731
62.0,1.1515961707317408,4.541097271758565,1.647642802567599,1.2851613860027273,5.229510229077518,1.8974191421705608
63.0,1.1400340641824596,4.549993946141812,1.6487073354476771,1.2859917216491883,5.187148090425636,1.879582524277849
64.0,1.1416628702637004,4.558432093483061,1.6497157153369408,1.286778257962814,5.20419266774804,1.8834191786907055
65.0,1.14537626361631,4.566435062545186,1.6506709354281475,1.287523329633955,5.230286329984517,1.890639308480731
66.0,1.1656001847779207,4.574025042582134,1.6515758261347417,1.2882291443850986,5.331484434812572,1.925077088117402
67.0,1.12736030566479,4.5812231178106515,1.6524330642788811,1.2888977901375274,5.164689094413618,1.862887444436045
68.0,1.134700817496591,4.58804931966202,1.6532451817259761,1.2895312417462614,5.206063313735172,1.875938659226765
69.0,1.1558224217993394,4.594522676864911,1.654014573502685,1.2901313673320944,5.310452327385986,1.9117471300372748
70.0,1.1721868639726942,4.600661263414572,1.654743505432469,1.290699934237326,5.39283469856258,1.939668600312069
71.0,1.16554617142692,4.606482244486806,1.6554341213202444,1.2912386146297907,5.3690677438076815,1.9294849021542981
72.0,1.1409612658900576,4.612001920357554,1.6560884497153083,1.2917489907779405,5.262115549338532,1.8895327740130812
73.0,1.1387158800715325,4.617235768390605,1.656708410279582,1.292232560018074,5.257719691500666,1.8865201754334235
74.0,1.1782116146253834,4.622198483157012,1.657295819786239,1.2926907394332665,5.445927937959421,1.9526451837422432
75.0,1.171949622279388,4.626904014750382,1.657852397771995,1.293124870262156,5.422498412409694,1.9429194913638672
76.0,1.1746239868880552,4.631365605362311,1.6583797718646822,1.2935362220544522,5.440113132106889,1.9479726594021964
77.0,1.2074527127469812,4.635595824182007,1.6588794828062217,1.293925996588853,5.597262753107143,2.0030185316346816
78.0,1.217310429507924,4.639606600683565,1.6593529891897085,1.2942953315679726,5.6478415038259095,2.0199476999757815
79.0,1.2145421844717659,4.64340925636354,1.6598016719280482,1.2946453041038777,5.639616421620192,2.015899148413381
80.0,1.2244046792356302,4.647014534990438,1.660226838470398,1.2949769340069104,5.689826341118279,2.032789509615732
